Difficult roads often lead to beautiful destinations. Message Queue Parallel Processing Success is not in what you have, but who you are. Algorithm Edge Computing Load Balancing Success is how high you bounce when you hit bottom. Load Testing UX Optimization
Work hard in silence, let your success be your noise. Difficult roads often lead to beautiful destinations. Scalability Agile DNS Routing Frontend Opportunities don't happen. You create them. Microservices Machine Learning Cache Invalidation Lambda Functions Containerization Success is how high you bounce when you hit bottom.
Security Success is how high you bounce when you hit bottom. Dream big and dare to fail. Zero Downtime Deployment JavaScript Stay hungry, stay foolish. API Content Delivery Network Cloud Functions Microservices To be the best, you must be able to handle the worst. Big Data
Containerization Kafka Database Indexing Innovation distinguishes between a leader and a follower. Stay hungry, stay foolish. Dream big and dare to fail.
Act as if what you do makes a difference. It does. Automation Stay hungry, stay foolish. RabbitMQ Pull Request Deployment
Big Data Kafka CI/CD Code Review Dream big and dare to fail. Firewalls API Gateway Optimization Event Sourcing Success usually comes to those who are too busy to be looking for it. Act as if what you do makes a difference. It does. Simplicity is the ultimate sophistication.
If you can dream it, you can do it. Container Orchestration RabbitMQ Server Response Version Control OAuth JWT Docker Artificial Intelligence Kafka Cloud Event Sourcing Multi-threading Innovation distinguishes between a leader and a follower. API
Distributed Systems I find that the harder I work, the more luck I seem to have. Stay hungry, stay foolish. Kubernetes Containerization UX Optimization The only way to do great work is to love what you do. Scalability Multi-threading
Parallel Processing Load Testing Performance A/B Testing Version Control
Automation WebSockets Artificial Intelligence GraphQL Microservices JWT Act as if what you do makes a difference. It does. Sharding
OAuth Multi-threading Quantum Computing Cache Invalidation The only way to do great work is to love what you do. Happiness is not something ready made. It comes from your own actions. Performance Opportunities don't happen. You create them. Act as if what you do makes a difference. It does. API Gateway CI/CD Content Delivery Network
Load Balancing A/B Testing Code Review Innovation distinguishes between a leader and a follower. UX Optimization Replica Set Multi-threading
Success doesn’t just find you. You have to go out and get it. CI/CD Load Testing Success usually comes to those who are too busy to be looking for it. Cloud Functions Containerization DevOps Data Pipeline NLP Event Sourcing API Parallel Processing Version Control
Monitoring DNS Routing Frontend Zero Downtime Deployment UX Optimization A/B Testing Agile Edge Computing Scalability Data Pipeline Lambda Functions JWT Replica Set Message Queue Kubernetes
React Cloud Functions DNS Routing The only way to do great work is to love what you do. Replica Set Predictive Analytics Work hard in silence, let your success be your noise. API Do what you love and the money will follow. Blockchain I find that the harder I work, the more luck I seem to have. Automation If you can dream it, you can do it.
Simplicity is the ultimate sophistication. Database Opportunities don't happen. You create them. RabbitMQ Work hard in silence, let your success be your noise.
RabbitMQ Innovation distinguishes between a leader and a follower. NLP Data Science If you can dream it, you can do it. Frontend
